{
  "id": {
    "providerName": "Itishree.Parida-AT-wso2.com",
    "apiName": "PhoneVerification",
    "version": "1.0.0"
  },
  "uuid": "2a71ee35-009c-4345-b916-cbf6db5e33a9",
  "type": "HTTP",
  "context": "/t/wso2.com/phoneverify/1.0.0",
  "contextTemplate": "/t/wso2.com/phoneverify/{version}",
  "tags": [
    "phone",
    "checkNumbers"
  ],
  "documents": [],
  "lastUpdated": "Jan 20, 2021 5:48:38 AM",
  "availableTiers": [
    {
      "name": "Bronze",
      "displayName": "Bronze",
      "description": "Allows 1000 requests per minute",
      "requestsPerMin": 1000,
      "requestCount": 1000,
      "unitTime": 1,
      "timeUnit": "min",
      "tierPlan": "FREE",
      "stopOnQuotaReached": true
    },
    {
      "name": "Gold",
      "displayName": "Gold",
      "description": "Allows 5000 requests per minute",
      "requestsPerMin": 5000,
      "requestCount": 5000,
      "unitTime": 1,
      "timeUnit": "min",
      "tierPlan": "FREE",
      "stopOnQuotaReached": true
    },
    {
      "name": "Silver",
      "displayName": "Silver",
      "description": "Allows 2000 requests per minute",
      "requestsPerMin": 2000,
      "requestCount": 2000,
      "unitTime": 1,
      "timeUnit": "min",
      "tierPlan": "FREE",
      "stopOnQuotaReached": true
    },
    {
      "name": "Unlimited",
      "displayName": "Unlimited",
      "description": "Allows unlimited requests",
      "requestsPerMin": 2147483647,
      "requestCount": 2147483647,
      "unitTime": 0,
      "timeUnit": "ms",
      "tierPlan": "FREE",
      "stopOnQuotaReached": true
    }
  ],
  "availableSubscriptionLevelPolicies": [],
  "uriTemplates": [
    {
      "uriTemplate": "/CheckPhoneNumber",
      "httpVerb": "POST",
      "authType": "Any",
      "httpVerbs": [
        "POST",
        "GET"
      ],
      "authTypes": [
        "Any",
        "Any"
      ],
      "throttlingConditions": [],
      "throttlingTier": "Unlimited",
      "throttlingTiers": [
        "Unlimited",
        "Unlimited"
      ],
      "mediationScript": "null",
      "scopes": [
        null,
        null
      ],
      "mediationScripts": {}
    }
  ],
  "apiHeaderChanged": false,
  "apiResourcePatternsChanged": false,
  "status": "CREATED",
  "visibility": "private",
  "endpointSecured": false,
  "endpointAuthDigest": false,
  "transports": "http,https",
  "advertiseOnly": false,
  "corsConfiguration": {
    "corsConfigurationEnabled": false,
    "accessControlAllowOrigins": [
      "*"
    ],
    "accessControlAllowCredentials": false,
    "accessControlAllowHeaders": [
      "authorization",
      "Access-Control-Allow-Origin",
      "Content-Type",
      "SOAPAction"
    ],
    "accessControlAllowMethods": [
      "GET",
      "PUT",
      "POST",
      "DELETE",
      "PATCH",
      "OPTIONS"
    ]
  },
  "endpointConfig": "{\"production_endpoints\":{\"url\":\"http://ws.cdyne.com/phoneverify/phoneverify.asmx\",\"config\":null,\"template_not_supported\":false},\"sandbox_endpoints\":{\"url\":\"http://ws.cdyne.com/phoneverify/phoneverify.asmx\",\"config\":null,\"template_not_supported\":false},\"endpoint_type\":\"http\"}",
  "responseCache": "Disabled",
  "cacheTimeout": 300,
  "implementation": "ENDPOINT",
  "scopes": [],
  "isDefaultVersion": false,
  "isPublishedDefaultVersion": false,
  "environments": [
    "Production and Sandbox"
  ],
  "createdTime": "1611101875462",
  "additionalProperties": {},
  "environmentList": [
    "SANDBOX",
    "PRODUCTION"
  ],
  "accessControl": "all",
  "rating": 0.0,
  "isLatest": true
}