{
  "swagger": "2.0",
  "paths": {
    "/CheckPhoneNumber": {
      "get": {
        "responses": {
          "200": {
            "description": ""
          }
        },
        "produces": [
          "application/xml"
        ],
        "consumes": [
          "application/json"
        ],
        "parameters": [
          {
            "name": "PhoneNumber",
            "in": "query",
            "required": true,
            "type": "string",
            "description": "Give the phone number to be validated"
          },
          {
            "name": "LicenseKey",
            "in": "query",
            "required": true,
            "type": "string",
            "description": "Give the license key as 0 for testing purpose"
          }
        ],
        "x-auth-type": "Application \u0026 Application User",
        "x-throttling-tier": "Unlimited"
      },
      "post": {
        "parameters": [
          {
            "name": "Payload",
            "description": "Request Body",
            "required": false,
            "in": "body",
            "schema": {
              "type": "object",
              "properties": {
                "payload": {
                  "type": "string"
                }
              }
            }
          }
        ],
        "responses": {
          "200": {
            "description": ""
          }
        },
        "x-auth-type": "Application \u0026 Application User",
        "x-throttling-tier": "Unlimited"
      }
    }
  },
  "info": {
    "title": "PhoneVerification",
    "version": "1.0.0"
  }
}